NamespaceServer,NamespaceName
LAB-DC03,Action Grants
LAB-DEWEY,Action Grants
LAB-HUEY,Action Grants
LAB-DC03,ActivateYYC
LAB-DEWEY,ActivateYYC
LAB-HUEY,ActivateYYC
LAB-DC03,Annual General Meeting
LAB-DEWEY,Annual General Meeting
LAB-HUEY,Annual General Meeting
LAB-DC03,Brand Masters
LAB-DEWEY,Brand Masters
LAB-HUEY,Brand Masters
LAB-DC03,Business Directory
LAB-DEWEY,Business Directory
LAB-HUEY,Business Directory
LAB-DC03,Citizens + Students
LAB-DEWEY,Citizens + Students
LAB-HUEY,Citizens + Students
LAB-DC03,ClimateReadyYYC
LAB-DEWEY,ClimateReadyYYC
LAB-HUEY,ClimateReadyYYC
LAB-DC03,Communications
LAB-DEWEY,Communications
LAB-HUEY,Communications
LAB-DC03,Consulting
LAB-DEWEY,Consulting
LAB-HUEY,Consulting
LAB-DC03,Energizing Spaces
LAB-DEWEY,Energizing Spaces
LAB-HUEY,Energizing Spaces
LAB-DC03,Exploring Communities
LAB-DEWEY,Exploring Communities
LAB-HUEY,Exploring Communities
LAB-DC03,External Committees
LAB-DEWEY,External Committees
LAB-HUEY,External Committees
LAB-DC03,Financial Literacy
LAB-DEWEY,Financial Literacy
LAB-HUEY,Financial Literacy
LAB-DC03,Forum
LAB-DEWEY,Forum
LAB-HUEY,Forum
LAB-DC03,Fund Development
LAB-DEWEY,Fund Development
LAB-HUEY,Fund Development
LAB-DC03,GoodSpotYYC
LAB-DEWEY,GoodSpotYYC
LAB-HUEY,GoodSpotYYC
LAB-DC03,Hero Awards
LAB-DEWEY,Hero Awards
LAB-HUEY,Hero Awards
LAB-DC03,IT
LAB-DEWEY,IT
LAB-HUEY,IT
LAB-DC03,Internal Committees
LAB-DEWEY,Internal Committees
LAB-HUEY,Internal Committees
LAB-DC03,Jane's Walk
LAB-DEWEY,Jane's Walk
LAB-HUEY,Jane's Walk
LAB-DC03,Lunch n Learns
LAB-DEWEY,Lunch n Learns
LAB-HUEY,Lunch n Learns
LAB-DC03,March CA Awareness
LAB-DEWEY,March CA Awareness
LAB-HUEY,March CA Awareness
LAB-DC03,Member Engagement
LAB-DEWEY,Member Engagement
LAB-HUEY,Member Engagement
LAB-DC03,Member Resource Library
LAB-DEWEY,Member Resource Library
LAB-HUEY,Member Resource Library
LAB-DC03,Membership
LAB-DEWEY,Membership
LAB-HUEY,Membership
LAB-DC03,Milestones
LAB-DEWEY,Milestones
LAB-HUEY,Milestones
LAB-DC03,Neighbour Day
LAB-DEWEY,Neighbour Day
LAB-HUEY,Neighbour Day
LAB-DC03,Newsletter
LAB-DEWEY,Newsletter
LAB-HUEY,Newsletter
LAB-DC03,One-on-One Support
LAB-DEWEY,One-on-One Support
LAB-HUEY,One-on-One Support
LAB-DC03,Partners In Planning
LAB-DEWEY,Partners In Planning
LAB-HUEY,Partners In Planning
LAB-DC03,Social Media
LAB-DEWEY,Social Media
LAB-HUEY,Social Media
LAB-DC03,Sponsors
LAB-DEWEY,Sponsors
LAB-HUEY,Sponsors
LAB-DC03,Urban Planning Topics
LAB-DEWEY,Urban Planning Topics
LAB-HUEY,Urban Planning Topics
LAB-DC03,Website
LAB-DEWEY,Website
LAB-HUEY,Website
LAB-DC03,Workshops
LAB-DEWEY,Workshops
LAB-HUEY,Workshops
